{
  "work_item": {
    "nBones": 40,
    "nInitIters": 12,
    "nIters": 75,
    "tolerance": 0.0008741103516622609,
    "patience": 8,
    "nTransIters": 9,
    "bindUpdate": 0,
    "transAffine": 907.8400679235585,
    "transAffineNorm": 9.154507075200884,
    "nWeightsIters": 5,
    "nnz": 8,
    "weightsSmooth": 0.0018992572480806826,
    "weightsSmoothStep": 110.2601975898555,
    "dbg": 0
  }
}