{
  "work_item": {
    "nBones": 51,
    "nInitIters": 14,
    "nIters": 85,
    "tolerance": 0.0008741103516622609,
    "patience": 12,
    "nTransIters": 9,
    "bindUpdate": 0,
    "transAffine": 2070.2156263017205,
    "transAffineNorm": 4.322841280818438,
    "nWeightsIters": 5,
    "nnz": 9,
    "weightsSmooth": 0.0048978545926090565,
    "weightsSmoothStep": 18.01970446375075,
    "dbg": 0
  }
}