{
  "work_item": {
    "nBones": 39,
    "nInitIters": 20,
    "nIters": 87,
    "tolerance": 0.0008741103516622609,
    "patience": 18,
    "nTransIters": 9,
    "bindUpdate": 0,
    "transAffine": 6378.2399197133,
    "transAffineNorm": 7.65071520202933,
    "nWeightsIters": 1,
    "nnz": 6,
    "weightsSmooth": 0.012742413598188711,
    "weightsSmoothStep": 16.786171269157066,
    "dbg": 0
  }
}