{
  "work_item": {
    "nBones": 37,
    "nInitIters": 11,
    "nIters": 51,
    "tolerance": 0.0008741103516622609,
    "patience": 5,
    "nTransIters": 6,
    "bindUpdate": 0,
    "transAffine": 3788.736370378857,
    "transAffineNorm": 7.305224103623333,
    "nWeightsIters": 3,
    "nnz": 5,
    "weightsSmooth": 0.007589788978243201,
    "weightsSmoothStep": 36.35356297545525,
    "dbg": 0
  }
}