{
  "work_item": {
    "nBones": 60,
    "nInitIters": 20,
    "nIters": 72,
    "tolerance": 0.0008741103516622609,
    "patience": 16,
    "nTransIters": 6,
    "bindUpdate": 0,
    "transAffine": 2640.873856145719,
    "transAffineNorm": 7.915606240462016,
    "nWeightsIters": 3,
    "nnz": 8,
    "weightsSmooth": 0.0030326234948733813,
    "weightsSmoothStep": 31.702942934357345,
    "dbg": 0
  }
}