{
  "work_item": {
    "nBones": 38,
    "nInitIters": 17,
    "nIters": 70,
    "tolerance": 0.0008741103516622609,
    "patience": 13,
    "nTransIters": 9,
    "bindUpdate": 0,
    "transAffine": 862.6104216566031,
    "transAffineNorm": 6.399446031512676,
    "nWeightsIters": 5,
    "nnz": 5,
    "weightsSmooth": 0.0030434998748268887,
    "weightsSmoothStep": 16.67593332670167,
    "dbg": 0
  }
}