{
  "work_item": {
    "nBones": 42,
    "nInitIters": 17,
    "nIters": 81,
    "tolerance": 0.0008741103516622609,
    "patience": 11,
    "nTransIters": 9,
    "bindUpdate": 0,
    "transAffine": 484.4456465295621,
    "transAffineNorm": 6.163299919562969,
    "nWeightsIters": 3,
    "nnz": 6,
    "weightsSmooth": 0.008131473707124212,
    "weightsSmoothStep": 22.302584076049428,
    "dbg": 0
  }
}