{
  "work_item": {
    "nBones": 47,
    "nInitIters": 13,
    "nIters": 84,
    "tolerance": 0.0008741103516622609,
    "patience": 5,
    "nTransIters": 6,
    "bindUpdate": 0,
    "transAffine": 6412.145141183982,
    "transAffineNorm": 6.481762616670007,
    "nWeightsIters": 4,
    "nnz": 9,
    "weightsSmooth": 0.0016638143361556341,
    "weightsSmoothStep": 89.25398701738726,
    "dbg": 0
  }
}