{
  "work_item": {
    "nBones": 53,
    "nInitIters": 16,
    "nIters": 61,
    "tolerance": 0.0008741103516622609,
    "patience": 15,
    "nTransIters": 5,
    "bindUpdate": 0,
    "transAffine": 4270.615300917436,
    "transAffineNorm": 7.212241003976868,
    "nWeightsIters": 5,
    "nnz": 10,
    "weightsSmooth": 0.00896091438367348,
    "weightsSmoothStep": 31.75555297327996,
    "dbg": 0
  }
}