{
  "work_item": {
    "nBones": 52,
    "nInitIters": 20,
    "nIters": 58,
    "tolerance": 0.0008741103516622609,
    "patience": 17,
    "nTransIters": 7,
    "bindUpdate": 0,
    "transAffine": 5465.210402397097,
    "transAffineNorm": 7.253435862585388,
    "nWeightsIters": 1,
    "nnz": 7,
    "weightsSmooth": 0.01393872562053606,
    "weightsSmoothStep": 111.48615105512408,
    "dbg": 0
  }
}