{
  "work_item": {
    "nBones": 45,
    "nInitIters": 15,
    "nIters": 85,
    "tolerance": 0.0008741103516622609,
    "patience": 8,
    "nTransIters": 7,
    "bindUpdate": 0,
    "transAffine": 4561.698024577051,
    "transAffineNorm": 7.2797392210782625,
    "nWeightsIters": 4,
    "nnz": 8,
    "weightsSmooth": 0.006914456184931112,
    "weightsSmoothStep": 121.53352083896787,
    "dbg": 0
  }
}