{
  "work_item": {
    "nBones": 56,
    "nInitIters": 14,
    "nIters": 55,
    "tolerance": 0.0008741103516622609,
    "patience": 9,
    "nTransIters": 10,
    "bindUpdate": 0,
    "transAffine": 1978.8210636679037,
    "transAffineNorm": 4.757919273191771,
    "nWeightsIters": 1,
    "nnz": 8,
    "weightsSmooth": 0.0015007538971388984,
    "weightsSmoothStep": 95.93336382726342,
    "dbg": 0
  }
}