{
  "work_item": {
    "nBones": 39,
    "nInitIters": 13,
    "nIters": 51,
    "tolerance": 0.0008741103516622609,
    "patience": 6,
    "nTransIters": 10,
    "bindUpdate": 0,
    "transAffine": 3167.4462197253624,
    "transAffineNorm": 5.980144742185212,
    "nWeightsIters": 2,
    "nnz": 7,
    "weightsSmooth": 0.0077429629562954655,
    "weightsSmoothStep": 99.71677760229367,
    "dbg": 0
  }
}