{
  "work_item": {
    "nBones": 36,
    "nInitIters": 15,
    "nIters": 94,
    "tolerance": 0.0008741103516622609,
    "patience": 8,
    "nTransIters": 10,
    "bindUpdate": 0,
    "transAffine": 2292.3936852358734,
    "transAffineNorm": 8.08535746578665,
    "nWeightsIters": 1,
    "nnz": 6,
    "weightsSmooth": 0.01089828528194156,
    "weightsSmoothStep": 19.117066299514143,
    "dbg": 0
  }
}