{
  "work_item": {
    "nBones": 55,
    "nInitIters": 10,
    "nIters": 74,
    "tolerance": 0.0008741103516622609,
    "patience": 5,
    "nTransIters": 9,
    "bindUpdate": 0,
    "transAffine": 6105.528349777466,
    "transAffineNorm": 5.234407262053477,
    "nWeightsIters": 2,
    "nnz": 8,
    "weightsSmooth": 0.004483804790476178,
    "weightsSmoothStep": 102.16398440173288,
    "dbg": 0
  }
}