{
  "work_item": {
    "nBones": 33,
    "nInitIters": 17,
    "nIters": 82,
    "tolerance": 0.0008741103516622609,
    "patience": 9,
    "nTransIters": 9,
    "bindUpdate": 0,
    "transAffine": 3065.719464193669,
    "transAffineNorm": 7.0553682180071196,
    "nWeightsIters": 4,
    "nnz": 7,
    "weightsSmooth": 0.012700425262494854,
    "weightsSmoothStep": 77.83191382471337,
    "dbg": 0
  }
}