{
  "work_item": {
    "nBones": 49,
    "nInitIters": 14,
    "nIters": 94,
    "tolerance": 0.0008741103516622609,
    "patience": 12,
    "nTransIters": 5,
    "bindUpdate": 0,
    "transAffine": 4998.889519587605,
    "transAffineNorm": 7.587677531942134,
    "nWeightsIters": 3,
    "nnz": 5,
    "weightsSmooth": 0.004521344043863726,
    "weightsSmoothStep": 82.539793441355,
    "dbg": 0
  }
}