{
  "work_item": {
    "nBones": 39,
    "nInitIters": 18,
    "nIters": 89,
    "tolerance": 0.0008741103516622609,
    "patience": 7,
    "nTransIters": 8,
    "bindUpdate": 0,
    "transAffine": 6216.370266051858,
    "transAffineNorm": 4.511956838393731,
    "nWeightsIters": 2,
    "nnz": 9,
    "weightsSmooth": 0.00880791424232723,
    "weightsSmoothStep": 33.104590278349306,
    "dbg": 0
  }
}