{
  "work_item": {
    "nBones": 36,
    "nInitIters": 15,
    "nIters": 79,
    "tolerance": 0.0008741103516622609,
    "patience": 14,
    "nTransIters": 10,
    "bindUpdate": 0,
    "transAffine": 627.0980497035767,
    "transAffineNorm": 8.539090421881575,
    "nWeightsIters": 2,
    "nnz": 8,
    "weightsSmooth": 0.004685757468910352,
    "weightsSmoothStep": 7.990616667221613,
    "dbg": 0
  }
}