{
  "work_item": {
    "nBones": 45,
    "nInitIters": 19,
    "nIters": 81,
    "tolerance": 0.0008741103516622609,
    "patience": 10,
    "nTransIters": 8,
    "bindUpdate": 0,
    "transAffine": 668.7079210333908,
    "transAffineNorm": 9.622963362294545,
    "nWeightsIters": 5,
    "nnz": 6,
    "weightsSmooth": 0.0008902160380130434,
    "weightsSmoothStep": 74.19509384787035,
    "dbg": 0
  }
}