{
  "work_item": {
    "nBones": 51,
    "nInitIters": 15,
    "nIters": 68,
    "tolerance": 0.0008741103516622609,
    "patience": 6,
    "nTransIters": 5,
    "bindUpdate": 0,
    "transAffine": 3742.0053266432783,
    "transAffineNorm": 5.917306148546665,
    "nWeightsIters": 2,
    "nnz": 6,
    "weightsSmooth": 0.0019941787285840938,
    "weightsSmoothStep": 74.37074831626146,
    "dbg": 0
  }
}