{
  "work_item": {
    "nBones": 56,
    "nInitIters": 17,
    "nIters": 68,
    "tolerance": 0.0008741103516622609,
    "patience": 19,
    "nTransIters": 5,
    "bindUpdate": 0,
    "transAffine": 4122.185248727938,
    "transAffineNorm": 9.521691171883134,
    "nWeightsIters": 2,
    "nnz": 8,
    "weightsSmooth": 0.01073641779848431,
    "weightsSmoothStep": 31.48845550995031,
    "dbg": 0
  }
}