{
  "work_item": {
    "nBones": 47,
    "nInitIters": 14,
    "nIters": 50,
    "tolerance": 0.0008741103516622609,
    "patience": 13,
    "nTransIters": 10,
    "bindUpdate": 0,
    "transAffine": 2127.3405346306363,
    "transAffineNorm": 7.755863683811489,
    "nWeightsIters": 5,
    "nnz": 8,
    "weightsSmooth": 0.014259664109770573,
    "weightsSmoothStep": 51.01946730579897,
    "dbg": 0
  }
}