{
  "work_item": {
    "nBones": 63,
    "nInitIters": 20,
    "nIters": 89,
    "tolerance": 0.0008741103516622609,
    "patience": 20,
    "nTransIters": 8,
    "bindUpdate": 0,
    "transAffine": 5952.534616191359,
    "transAffineNorm": 4.8438609704620585,
    "nWeightsIters": 3,
    "nnz": 5,
    "weightsSmooth": 0.014450449214003841,
    "weightsSmoothStep": 63.3820248300933,
    "dbg": 0
  }
}