{
  "work_item": {
    "nBones": 35,
    "nInitIters": 16,
    "nIters": 55,
    "tolerance": 0.0008741103516622609,
    "patience": 8,
    "nTransIters": 9,
    "bindUpdate": 0,
    "transAffine": 262.5599331688326,
    "transAffineNorm": 9.016170605355263,
    "nWeightsIters": 4,
    "nnz": 9,
    "weightsSmooth": 0.010875466861281097,
    "weightsSmoothStep": 73.825612153449,
    "dbg": 0
  }
}