{
  "work_item": {
    "nBones": 50,
    "nInitIters": 11,
    "nIters": 51,
    "tolerance": 0.0008741103516622609,
    "patience": 12,
    "nTransIters": 7,
    "bindUpdate": 0,
    "transAffine": 3317.860325401083,
    "transAffineNorm": 6.039324021042643,
    "nWeightsIters": 1,
    "nnz": 6,
    "weightsSmooth": 0.00394746156869946,
    "weightsSmoothStep": 5.880141187766698,
    "dbg": 0
  }
}