{
  "work_item": {
    "nBones": 34,
    "nInitIters": 17,
    "nIters": 82,
    "tolerance": 0.0008741103516622609,
    "patience": 15,
    "nTransIters": 9,
    "bindUpdate": 0,
    "transAffine": 918.6920106423087,
    "transAffineNorm": 8.817580669994378,
    "nWeightsIters": 3,
    "nnz": 10,
    "weightsSmooth": 0.004850577900131227,
    "weightsSmoothStep": 45.57545122996771,
    "dbg": 0
  }
}